a_x,a_y,a_z,v_x,v_y,v_z,time_stamp
177.0,44.0,1956.0,-0.09111543744802475,0.02211677096784115,0.9967113137245178,78988
178.0,41.0,1951.0,-0.09137650579214096,0.02254507690668106,0.9971051216125488,78999
175.0,41.0,1949.0,-0.090807244181633,0.022009752690792084,0.9960564374923706,79010
176.0,43.0,1953.0,-0.09042219072580338,0.02138698659837246,0.9960673451423645,79018
177.0,42.0,1955.0,-0.09032014012336731,0.02106984332203865,0.9965633749961853,79029
176.0,43.0,1953.0,-0.0900031253695488,0.021328819915652275,0.9969544410705566,79038
176.0,43.0,1948.0,-0.0899118185043335,0.022097894921898842,0.9974513053894043,79049
172.0,44.0,1944.0,-0.08989787101745605,0.022349193692207336,0.9963005781173706,79059
174.0,40.0,1950.0,-0.089309461414814,0.021821649745106697,0.9947080612182617,79068
176.0,41.0,1952.0,-0.08930104225873947,0.020626481622457504,0.9943996667861938,79079
177.0,40.0,1948.0,-0.08976861834526062,0.020601626485586166,0.995089054107666,79088
174.0,40.0,1947.0,-0.08980724960565567,0.020716330036520958,0.9954171776771545,79099
177.0,42.0,1949.0,-0.08929866552352905,0.02066052518785,0.9951960444450378,79109
172.0,43.0,1953.0,-0.08977862447500229,0.02081872522830963,0.9956019520759583,79119
177.0,40.0,1941.0,-0.08955329656600952,0.021137798205018044,0.9959104061126709,79128
176.0,43.0,1947.0,-0.08957286179065704,0.020722899585962296,0.9949168562889099,79139
173.0,41.0,1954.0,-0.08976887166500092,0.02082732319831848,0.9954714775085449,79149
177.0,43.0,1947.0,-0.08938778191804886,0.02112625166773796,0.996893048286438,79158
178.0,43.0,1947.0,-0.0893692672252655,0.021806983277201653,0.9964826107025146,79169
179.0,40.0,1948.0,-0.08977502584457397,0.021752186119556427,0.9954837560653687,79179
177.0,43.0,1945.0,-0.09048481285572052,0.021535566076636314,0.9952203631401062,79189
175.0,42.0,1949.0,-0.09036469459533691,0.021548140794038773,0.9953081011772156,79198
178.0,47.0,1959.0,-0.08986028283834457,0.02176806889474392,0.995939314365387,79209
176.0,41.0,1957.0,-0.08980660140514374,0.022461604326963425,0.997196614742279,79218
176.0,44.0,1954.0,-0.08943677693605423,0.022221913561224937,0.9988537430763245,79229
171.0,41.0,1953.0,-0.08912905305624008,0.021864868700504303,0.9988359808921814,79239
173.0,38.0,1952.0,-0.08859707415103912,0.021259626373648643,0.9983616471290588,79248
177.0,41.0,1957.0,-0.08854476362466812,0.02072601020336151,0.9981632232666016,79259
178.0,40.0,1953.0,-0.08933792263269424,0.02078969031572342,0.9980177879333496,79268
177.0,41.0,1952.0,-0.09030261635780334,0.021088413894176483,0.9975062012672424,79279
175.0,41.0,1952.0,-0.09050019830465317,0.02098383754491806,0.9974560141563416,79289
175.0,39.0,1956.0,-0.09056998789310455,0.02108277566730976,0.9974175691604614,79298
172.0,42.0,1951.0,-0.0899743065237999,0.02125038020312786,0.9980746507644653,79309
177.0,45.0,1957.0,-0.08919157832860947,0.02152130752801895,0.9976230263710022,79320
176.0,41.0,1951.0,-0.08948351442813873,0.021671112626791,0.9979932308197021,79328
175.0,44.0,1954.0,-0.08935508131980896,0.02160484716296196,0.9981363415718079,79339
175.0,43.0,1950.0,-0.0891847014427185,0.021987024694681168,0.9977643489837646,79348
175.0,45.0,1946.0,-0.08942736685276031,0.022089969366788864,0.9970481395721436,79359
178.0,42.0,1950.0,-0.08968549966812134,0.02231878601014614,0.9963372945785522,79369
177.0,43.0,1953.0,-0.0903729647397995,0.02197369933128357,0.9957670569419861,79378
176.0,41.0,1956.0,-0.09053079783916473,0.021701186895370483,0.9957345128059387,79388
174.0,40.0,1954.0,-0.0899612158536911,0.021110575646162033,0.9973563551902771,79399
176.0,37.0,1950.0,-0.0897882729768753,0.02034592628479004,0.9977821111679077,79409
176.0,39.0,1947.0,-0.08960068225860596,0.01957346312701702,0.996691882610321,79418
176.0,44.0,1949.0,-0.08952652662992477,0.01996811479330063,0.9967163801193237,79429
175.0,42.0,1950.0,-0.0898902416229248,0.020961053669452667,0.9973869323730469,79438
173.0,45.0,1948.0,-0.09004242718219757,0.021522730588912964,0.9974375367164612,79449
176.0,40.0,1950.0,-0.08959932625293732,0.02162090875208378,0.9972023367881775,79459
177.0,39.0,1946.0,-0.0894526019692421,0.021023623645305634,0.9963307976722717,79468
175.0,45.0,1958.0,-0.0898294448852539,0.020895211026072502,0.9960061311721802,79479
177.0,43.0,1949.0,-0.09002389758825302,0.021268537268042564,0.9973057508468628,79488
176.0,39.0,1950.0,-0.09036143124103546,0.021841246634721756,0.9974291920661926,79499
176.0,42.0,1954.0,-0.09011754393577576,0.021545805037021637,0.996947169303894,79509
174.0,40.0,1950.0,-0.08957363665103912,0.021604888141155243,0.996871829032898,79518
174.0,40.0,1949.0,-0.08895293623209,0.02116432413458824,0.9964386820793152,79529
174.0,45.0,1952.0,-0.08868736773729324,0.0210728757083416,0.9970307350158691,79538
175.0,44.0,1947.0,-0.08881183713674545,0.022384721785783768,0.9971576929092407,79549
174.0,43.0,1946.0,-0.08907871693372726,0.0227070115506649,0.9960803985595703,79559
173.0,41.0,1957.0,-0.08892843127250671,0.02245299145579338,0.9950942397117615,79568
177.0,38.0,1954.0,-0.08924814313650131,0.021353330463171005,0.9968353509902954,79579
175.0,41.0,1957.0,-0.08970722556114197,0.020403295755386353,0.9987173080444336,79588
179.0,46.0,1956.0,-0.0900585800409317,0.02072206884622574,0.9997813701629639,79598
178.0,42.0,1949.0,-0.0907464474439621,0.021794496104121208,0.999597430229187,79609
177.0,43.0,1955.0,-0.0907900407910347,0.02180325612425804,0.9981269836425781,79618
178.0,41.0,1954.0,-0.09066758304834366,0.021797914057970047,0.9972596764564514,79629
178.0,44.0,1950.0,-0.0903264731168747,0.021702265366911888,0.9973587393760681,79639
180.0,47.0,1953.0,-0.09006135165691376,0.021556653082370758,0.997167706489563,79648
173.0,41.0,1952.0,-0.08984503895044327,0.021863512694835663,0.9976165294647217,79659
175.0,40.0,1948.0,-0.0891222283244133,0.021788327023386955,0.9975178241729736,79668
175.0,41.0,1949.0,-0.08883751928806305,0.021570444107055664,0.9968669414520264,79679
176.0,45.0,1947.0,-0.08930781483650208,0.02136322297155857,0.9964632391929626,79689
175.0,44.0,1958.0,-0.08976176381111145,0.02184177376329899,0.9963552355766296,79698
176.0,40.0,1954.0,-0.08959348499774933,0.02211812511086464,0.9988273978233337,79709
175.0,46.0,1954.0,-0.0894106924533844,0.02150990627706051,0.9989944100379944,79718
173.0,44.0,1946.0,-0.08940181881189346,0.02199055440723896,0.9976106882095337,79729
178.0,44.0,1948.0,-0.08914801478385925,0.02211192063987255,0.9959719181060791,79739
177.0,43.0,1960.0,-0.08948209881782532,0.021998170763254166,0.995640754699707,79748
176.0,44.0,1955.0,-0.08995946496725082,0.021757233887910843,0.99704909324646,79759
176.0,35.0,1951.0,-0.08998167514801025,0.02138744480907917,0.9979550838470459,79770
179.0,42.0,1953.0,-0.08975330740213394,0.020142510533332825,0.9973823428153992,79778
177.0,42.0,1946.0,-0.08989416807889938,0.020372683182358742,0.9973903894424438,79789
175.0,43.0,1966.0,-0.08994072675704956,0.021241914480924606,0.9968679547309875,79798
174.0,45.0,1954.0,-0.08996176719665527,0.02211088500916958,0.9990916848182678,79809
176.0,42.0,1947.0,-0.08979782462120056,0.022032035514712334,0.9989272356033325,79819
176.0,38.0,1957.0,-0.08949903398752213,0.02150793746113777,0.9978602528572083,79828
174.0,42.0,1949.0,-0.08943817764520645,0.020647473633289337,0.9978882670402527,79839
172.0,38.0,1955.0,-0.08925078809261322,0.02028932422399521,0.9973464012145996,79848
173.0,39.0,1954.0,-0.08896499872207642,0.020249806344509125,0.9979159832000732,79859
178.0,42.0,1955.0,-0.08908764272928238,0.020623572170734406,0.9984087944030762,79869
176.0,41.0,1953.0,-0.08970120549201965,0.020680967718362808,0.9986337423324585,79878
177.0,41.0,1950.0,-0.08991767466068268,0.020283173769712448,0.9981288909912109,79889
178.0,43.0,1951.0,-0.09026080369949341,0.02041405625641346,0.997435450553894,79900
175.0,40.0,1948.0,-0.09035450220108032,0.020744487643241882,0.9970762729644775,79908
173.0,38.0,1950.0,-0.0901535153388977,0.02040986157953739,0.9961746335029602,79919
176.0,41.0,1951.0,-0.08955725282430649,0.019882798194885254,0.9961134195327759,79928
174.0,45.0,1944.0,-0.08913309872150421,0.020664270967245102,0.9962342977523804,79939
175.0,42.0,1956.0,-0.08904202282428741,0.021914057433605194,0.9953358769416809,79949
174.0,38.0,1947.0,-0.0891110748052597,0.021588299423456192,0.9960864186286926,79958
177.0,39.0,1950.0,-0.08940397202968597,0.020603474229574203,0.9957500100135803,79969
173.0,39.0,1947.0,-0.08985047787427902,0.0203328188508749,0.995762288570404,79978
176.0,44.0,1950.0,-0.08918850123882294,0.020594341680407524,0.9960057139396667,79989
176.0,42.0,1953.0,-0.08898124098777771,0.02132568508386612,0.996315598487854,79999
178.0,42.0,1953.0,-0.08915212750434875,0.021711859852075577,0.9970619678497314,80008
176.0,40.0,1945.0,-0.09000776708126068,0.021484680473804474,0.9977998733520508,80020
172.0,42.0,1947.0,-0.09009314328432083,0.021257808431982994,0.9966430068016052,80028
174.0,44.0,1952.0,-0.0892653614282608,0.0214325450360775,0.995546817779541,80039
176.0,44.0,1947.0,-0.08923955261707306,0.021542713046073914,0.9957122206687927,80048
177.0,42.0,1950.0,-0.09006504714488983,0.021656032651662827,0.9955200552940369,80059
177.0,43.0,1952.0,-0.09055949747562408,0.021352676674723625,0.9960044622421265,80069
171.0,40.0,1950.0,-0.09046236425638199,0.021216820925474167,0.9970549941062927,80078
176.0,39.0,1954.0,-0.08946610987186432,0.020962215960025787,0.9973371028900146,80089
175.0,43.0,1946.0,-0.08933323621749878,0.020843079313635826,0.9975335001945496,80098
179.0,47.0,1957.0,-0.0894106924533844,0.021280359476804733,0.9964009523391724,80109
176.0,39.0,1952.0,-0.08989208936691284,0.021938372403383255,0.9976001977920532,80119
178.0,38.0,1950.0,-0.09004142135381699,0.021363262087106705,0.9976156949996948,80128
176.0,41.0,1951.0,-0.09020738303661346,0.02052055113017559,0.9967404007911682,80139
181.0,41.0,1953.0,-0.09030693769454956,0.020074637606739998,0.9967043399810791,80148
175.0,44.0,1948.0,-0.09099613130092621,0.02080758661031723,0.9974783658981323,80159
176.0,42.0,1946.0,-0.09038984775543213,0.021718760952353477,0.9967015981674194,80169
175.0,42.0,1948.0,-0.08990563452243805,0.02130565233528614,0.9955072402954102,80178
179.0,41.0,1949.0,-0.08996948599815369,0.02091384306550026,0.9954965710639954,80189
175.0,42.0,1952.0,-0.09069348871707916,0.020951787009835243,0.9957457184791565,80198
180.0,40.0,1951.0,-0.09062602370977402,0.02117941901087761,0.9962729811668396,80208
179.0,43.0,1950.0,-0.09085799008607864,0.02102232165634632,0.9961690306663513,80219
180.0,39.0,1945.0,-0.09102066606283188,0.021133463829755783,0.9956516027450562,80228
176.0,44.0,1951.0,-0.09069491922855377,0.02105718106031418,0.9951863288879395,80239
175.0,41.0,1953.0,-0.08971254527568817,0.021204009652137756,0.9970046281814575,80249
177.0,42.0,1946.0,-0.0892542228102684,0.021200042217969894,0.9977984428405762,80258
176.0,42.0,1947.0,-0.0895325317978859,0.021097002550959587,0.9970176219940186,80269
179.0,44.0,1945.0,-0.0901406779885292,0.021076519042253494,0.9962524175643921,80278
175.0,41.0,1960.0,-0.09102736413478851,0.021548105403780937,0.9964192509651184,80289
178.0,39.0,1952.0,-0.09076050668954849,0.02133394032716751,0.9979602098464966,80299
173.0,40.0,1955.0,-0.09031984210014343,0.02100316621363163,0.9975253343582153,80308
174.0,39.0,1954.0,-0.08946116268634796,0.02102493867278099,0.9969534277915955,80319
176.0,42.0,1947.0,-0.08901664614677429,0.021077528595924377,0.9968005418777466,80328
173.0,40.0,1943.0,-0.08907400071620941,0.02114088647067547,0.9958624839782715,80339
173.0,40.0,1951.0,-0.08951824903488159,0.02089647762477398,0.9957053065299988,80349
175.0,43.0,1949.0,-0.08952145278453827,0.02090747095644474,0.9959221482276917,80358
176.0,44.0,1947.0,-0.08946611732244492,0.020771466195583344,0.9950205087661743,80369
174.0,42.0,1947.0,-0.08960892260074615,0.02104242332279682,0.9943640232086182,80378
179.0,42.0,1946.0,-0.089599609375,0.02138357423245907,0.9947733283042908,80388
173.0,42.0,1950.0,-0.08970111608505249,0.021729828789830208,0.9944750070571899,80399
180.0,40.0,1947.0,-0.08980734646320343,0.021607588976621628,0.9944815039634705,80408
175.0,41.0,1952.0,-0.09058987349271774,0.021329404786229134,0.9942702054977417,80419
174.0,36.0,1953.0,-0.08996731787919998,0.020867295563220978,0.995215654373169,80429
173.0,41.0,1955.0,-0.08918627351522446,0.02029225043952465,0.9968310594558716,80438
177.0,41.0,1948.0,-0.08887238800525665,0.02046959102153778,0.9978424310684204,80449
175.0,38.0,1942.0,-0.08963563293218613,0.020511062815785408,0.9964720010757446,80460
177.0,43.0,1956.0,-0.08950673043727875,0.02048433944582939,0.9953919649124146,80468
176.0,39.0,1945.0,-0.08960039913654327,0.020948395133018494,0.9961159229278564,80478
173.0,40.0,1947.0,-0.0893799439072609,0.020818250253796577,0.9955567717552185,80489
176.0,42.0,1952.0,-0.08900999277830124,0.02059457078576088,0.9955896139144897,80498
175.0,42.0,1956.0,-0.08936750888824463,0.021257735788822174,0.9963815808296204,80509
178.0,41.0,1950.0,-0.08957242220640182,0.021698690950870514,0.997244119644165,80519
177.0,44.0,1948.0,-0.08994990587234497,0.021460851654410362,0.9966461658477783,80528
175.0,43.0,1950.0,-0.09022732079029083,0.02165336161851883,0.996184766292572,80539
176.0,40.0,1946.0,-0.08973416686058044,0.021803664043545723,0.9958127737045288,80549
180.0,41.0,1945.0,-0.0898687094449997,0.021370721980929375,0.9951363801956177,80558
175.0,39.0,1947.0,-0.09045623242855072,0.020617453381419182,0.994830846786499,80569
179.0,41.0,1942.0,-0.09013645350933075,0.020069293677806854,0.9945324659347534,80578
178.0,43.0,1951.0,-0.090320885181427,0.020359400659799576,0.9942766427993774,80589
175.0,46.0,1951.0,-0.09037976711988449,0.021470310166478157,0.9955015182495117,80599
178.0,42.0,1949.0,-0.09033925086259842,0.02225567027926445,0.9960587024688721,80608
175.0,44.0,1947.0,-0.09061123430728912,0.022598808631300926,0.9954279065132141,80619
177.0,43.0,1952.0,-0.0904984176158905,0.022550109773874283,0.9951199889183044,80629
175.0,44.0,1957.0,-0.09028737992048264,0.022001687437295914,0.9961045980453491,80639
176.0,41.0,1956.0,-0.09013668447732925,0.021672822535037994,0.9974271059036255,80648
175.0,45.0,1947.0,-0.09002469480037689,0.02147647924721241,0.9985308051109314,80659
173.0,41.0,1950.0,-0.09020642936229706,0.021938510239124298,0.9973430633544922,80670
179.0,40.0,1957.0,-0.09038513153791428,0.021682068705558777,0.9965437054634094,80678
176.0,44.0,1947.0,-0.09077408909797668,0.021394487470388412,0.9976480603218079,80689
176.0,41.0,1945.0,-0.09061750024557114,0.02178102545440197,0.9965288043022156,80698
179.0,41.0,1949.0,-0.08999750018119812,0.021560661494731903,0.994808554649353,80709
174.0,42.0,1948.0,-0.0899825394153595,0.020898129791021347,0.9941030144691467,80719
176.0,41.0,1946.0,-0.08979232609272003,0.020560093224048615,0.9941537976264954,80728
177.0,43.0,1950.0,-0.09001913666725159,0.020669056102633476,0.9948914647102356,80739
177.0,42.0,1950.0,-0.09036757051944733,0.021307112649083138,0.9953503012657166,80748
175.0,39.0,1952.0,-0.09031037986278534,0.02170105092227459,0.9961553812026978,80759
178.0,42.0,1954.0,-0.08978898823261261,0.020969368517398834,0.9976918697357178,80769
177.0,41.0,1953.0,-0.08968642354011536,0.021051276475191116,0.998465895652771,80778
178.0,42.0,1949.0,-0.08991234749555588,0.021269461140036583,0.997939944267273,80789
174.0,41.0,1950.0,-0.09030123800039291,0.021300313994288445,0.9967069625854492,80798
175.0,45.0,1954.0,-0.09013821184635162,0.021383529528975487,0.9963010549545288,80809
175.0,45.0,1951.0,-0.08984212577342987,0.022133711725473404,0.9971380233764648,80819
173.0,46.0,1955.0,-0.08926050364971161,0.022576985880732536,0.9974410533905029,80828
177.0,44.0,1947.0,-0.08911322057247162,0.02289392799139023,0.9974257349967957,80839
175.0,43.0,1945.0,-0.08946090936660767,0.0221916101872921,0.9961611032485962,80848
177.0,41.0,1948.0,-0.08995785564184189,0.02114388719201088,0.9951385259628296,80859
175.0,41.0,1951.0,-0.09012289345264435,0.02085653878748417,0.9952692985534668,80869
177.0,41.0,1956.0,-0.08998604863882065,0.020906537771224976,0.9960009455680847,80878
175.0,43.0,1954.0,-0.08995893597602844,0.021160662174224854,0.9973372220993042,80889
178.0,43.0,1946.0,-0.09008486568927765,0.021847708150744438,0.997835099697113,80900
178.0,38.0,1956.0,-0.09058023244142532,0.021868769079446793,0.9967775344848633,80908
175.0,40.0,1947.0,-0.09105662256479263,0.02109955996274948,0.9966109395027161,80918
176.0,40.0,1954.0,-0.0908573716878891,0.0206247977912426,0.9962794780731201,80929
176.0,39.0,1954.0,-0.09072420001029968,0.02039846032857895,0.9962231516838074,80939
174.0,44.0,1951.0,-0.09053935110569,0.020266391336917877,0.9968589544296265,80948
177.0,40.0,1944.0,-0.08997208625078201,0.020746799185872078,0.9964351058006287,80959
175.0,41.0,1955.0,-0.08988256752490997,0.020847365260124207,0.9948592185974121,80968
175.0,38.0,1952.0,-0.08994922786951065,0.020592819899320602,0.9959820508956909,80979
178.0,41.0,1947.0,-0.09026365727186203,0.020944606512784958,0.9970417022705078,80989
174.0,40.0,1945.0,-0.09088599681854248,0.021471723914146423,0.9961994886398315,80998
176.0,44.0,1944.0,-0.09057711064815521,0.02126470021903515,0.9951515197753906,81009
181.0,43.0,1947.0,-0.09042297303676605,0.021594250574707985,0.994371771812439,81018
176.0,46.0,1952.0,-0.09071845561265945,0.022142190486192703,0.9941283464431763,81029
174.0,38.0,1943.0,-0.08990554511547089,0.02215784788131714,0.9940961599349976,81039
175.0,41.0,1952.0,-0.08905893564224243,0.021000022068619728,0.9937610626220703,81048
175.0,43.0,1955.0,-0.08891917765140533,0.020955324172973633,0.9948168396949768,81059
177.0,43.0,1947.0,-0.08929887413978577,0.021769147366285324,0.9964069128036499,81069
176.0,40.0,1950.0,-0.09017506241798401,0.022042054682970047,0.9963200092315674,81078
178.0,41.0,1953.0,-0.09060466289520264,0.02133101224899292,0.9957488179206848,81089
176.0,42.0,1949.0,-0.09054107218980789,0.020777640864253044,0.9963293075561523,81098
177.0,43.0,1954.0,-0.09017138928174973,0.020572420209646225,0.9972546100616455,81109
174.0,40.0,1959.0,-0.09006643295288086,0.021210838109254837,0.998615026473999,81119
176.0,42.0,1951.0,-0.08997315168380737,0.02129441685974598,0.999273419380188,81128
176.0,43.0,1956.0,-0.08979301154613495,0.02127709612250328,0.9981555342674255,81139
177.0,43.0,1951.0,-0.08969061076641083,0.021888764575123787,0.9976555705070496,81149
179.0,43.0,1958.0,-0.09015931934118271,0.02222323603928089,0.9974410533905029,81158
177.0,42.0,1950.0,-0.09135925769805908,0.022311102598905563,0.9978951215744019,81169
175.0,46.0,1956.0,-0.09125066548585892,0.022099744528532028,0.9971363544464111,81178
173.0,42.0,1958.0,-0.0901600569486618,0.022514618933200836,0.997147798538208,81189
176.0,42.0,1947.0,-0.08927003294229507,0.022433876991271973,0.997901201248169,81199
176.0,41.0,1956.0,-0.08926431834697723,0.02220177836716175,0.9974104166030884,81208
176.0,49.0,1955.0,-0.0895533561706543,0.022133812308311462,0.9977394342422485,81219
177.0,46.0,1949.0,-0.08990783989429474,0.022906042635440826,0.9976794123649597,81228
179.0,41.0,1953.0,-0.08998756110668182,0.023041432723402977,0.99637770652771,81239
176.0,40.0,1950.0,-0.09024765342473984,0.022052576765418053,0.9961366057395935,81249
175.0,42.0,1951.0,-0.09004053473472595,0.021148813888430595,0.9965360760688782,81258
177.0,45.0,1955.0,-0.08989328145980835,0.021061696112155914,0.9975216388702393,81269
174.0,41.0,1954.0,-0.08994174003601074,0.021567029878497124,0.9978848099708557,81279
176.0,41.0,1953.0,-0.08958526700735092,0.021509310230612755,0.9980349540710449,81289
178.0,41.0,1950.0,-0.08965426683425903,0.02144641801714897,0.9973784685134888,81298
176.0,41.0,1944.0,-0.0901358425617218,0.021092113107442856,0.9968181252479553,81309
174.0,43.0,1953.0,-0.08996382355690002,0.02108977548778057,0.9957744479179382,81318
180.0,42.0,1955.0,-0.09004851430654526,0.02140200324356556,0.9956378936767578,81329
181.0,41.0,1952.0,-0.09100022912025452,0.02129555493593216,0.9975844025611877,81339
178.0,44.0,1950.0,-0.09160914272069931,0.021089984104037285,0.9984254837036133,81348
176.0,43.0,1949.0,-0.09142118692398071,0.021631473675370216,0.9979919791221619,81359
175.0,39.0,1950.0,-0.09076064825057983,0.02160966955125332,0.9971593618392944,81368
174.0,42.0,1950.0,-0.08995252847671509,0.020501768216490746,0.9958521127700806,81379
173.0,41.0,1956.0,-0.08975440263748169,0.020695647224783897,0.9953582286834717,81389
174.0,39.0,1955.0,-0.08926589787006378,0.02079572156071663,0.9966656565666199,81398
171.0,42.0,1952.0,-0.08889500796794891,0.020799528807401657,0.9975606799125671,81409
173.0,42.0,1941.0,-0.08828715980052948,0.02154889702796936,0.9969632625579834,81420
177.0,43.0,1949.0,-0.08825244009494781,0.02166108414530754,0.9953327178955078,81428
173.0,39.0,1946.0,-0.08898276835680008,0.021272040903568268,0.9947485327720642,81439
174.0,48.0,1950.0,-0.08885280787944794,0.021039456129074097,0.9946556091308594,81448
176.0,38.0,1954.0,-0.0894932895898819,0.021709289401769638,0.9964443445205688,81459
173.0,43.0,1951.0,-0.090507373213768,0.02137543261051178,0.998126745223999,81470
177.0,36.0,1947.0,-0.09033685177564621,0.021300069987773895,0.997760534286499,81478
176.0,41.0,1951.0,-0.08996763080358505,0.020936695858836174,0.997009813785553,81488
177.0,40.0,1952.0,-0.08999600261449814,0.021237537264823914,0.9972081184387207,81499
179.0,38.0,1960.0,-0.09012234210968018,0.020747946575284004,0.9978396892547607,81509
182.0,44.0,1948.0,-0.09054400026798248,0.02009737305343151,0.9981112480163574,81518
180.0,40.0,1954.0,-0.09094424545764923,0.020670240744948387,0.99700528383255,81529
175.0,42.0,1943.0,-0.0911296159029007,0.021114952862262726,0.9966369867324829,81538
172.0,41.0,1952.0,-0.09045369178056717,0.021285923197865486,0.995432436466217,81549
174.0,44.0,1951.0,-0.08931633830070496,0.021324384957551956,0.9957118034362793,81559
175.0,44.0,1953.0,-0.08907770365476608,0.02172626182436943,0.9966803193092346,81568
176.0,47.0,1945.0,-0.08938629180192947,0.022066891193389893,0.9977680444717407,81579
171.0,40.0,1950.0,-0.08897196501493454,0.0225621797144413,0.9968602657318115,81588
177.0,42.0,1951.0,-0.08830983191728592,0.022040721029043198,0.9963144063949585,81598
179.0,44.0,1954.0,-0.08873825520277023,0.02152828872203827,0.9971897602081299,81609
176.0,40.0,1950.0,-0.08952436596155167,0.02151971124112606,0.9980708360671997,81618
176.0,40.0,1949.0,-0.08999011665582657,0.02096719667315483,0.998245358467102,81629
174.0,44.0,1953.0,-0.08973747491836548,0.020575618371367455,0.9973446130752563,81638
180.0,40.0,1960.0,-0.08925019204616547,0.02091488242149353,0.9968661665916443,81649
173.0,41.0,1948.0,-0.09003333747386932,0.020743994042277336,0.9983649253845215,81659
175.0,41.0,1951.0,-0.09021635353565216,0.02073332853615284,0.9978693723678589,81668
179.0,40.0,1959.0,-0.09034889936447144,0.020731734111905098,0.9980138540267944,81679
178.0,43.0,1954.0,-0.09092484414577484,0.020532244816422462,0.9989814758300781,81688
175.0,42.0,1946.0,-0.09110365808010101,0.020977215841412544,0.997951328754425,81699
177.0,41.0,1953.0,-0.09048198908567429,0.021027352660894394,0.9963323473930359,81708
174.0,40.0,1950.0,-0.08968909084796906,0.020500723272562027,0.9953047633171082,81719
170.0,41.0,1950.0,-0.08872582018375397,0.02035977505147457,0.9947954416275024,81730
175.0,46.0,1953.0,-0.08789928257465363,0.02033478580415249,0.9955713152885437,81738
177.0,43.0,1940.0,-0.08791577816009521,0.02145623229444027,0.9957998991012573,81749
176.0,42.0,1954.0,-0.08886051923036575,0.022110752761363983,0.9948582053184509,81758
179.0,46.0,1956.0,-0.09046716243028641,0.022463763132691383,0.9964962005615234,81769
179.0,42.0,1947.0,-0.09112028777599335,0.022581465542316437,0.9979237914085388,81779
183.0,44.0,1947.0,-0.09147076308727264,0.02209698036313057,0.996943473815918,81788
179.0,41.0,1954.0,-0.09196700900793076,0.021094676107168198,0.9971497654914856,81799
179.0,38.0,1942.0,-0.09199678152799606,0.020572330802679062,0.9975333213806152,81808
174.0,43.0,1950.0,-0.09115717560052872,0.02018408663570881,0.9965092539787292,81819
179.0,43.0,1950.0,-0.08981231600046158,0.020985841751098633,0.9962770938873291,81829
172.0,45.0,1951.0,-0.08954974263906479,0.021846039220690727,0.9966202974319458,81838
172.0,43.0,1940.0,-0.08862263709306717,0.022773319855332375,0.9956868886947632,81849
183.0,48.0,1963.0,-0.08845651149749756,0.022669263184070587,0.9945284128189087,81859
180.0,45.0,1963.0,-0.0906389057636261,0.023272283375263214,0.998295783996582,81869
169.0,44.0,1951.0,-0.09124613553285599,0.023072293028235435,1.0003175735473633,81878
173.0,40.0,1953.0,-0.08881084620952606,0.022098656743764877,0.998245120048523,81889
175.0,38.0,1961.0,-0.0877029150724411,0.020685862749814987,0.997040867805481,81898
173.0,35.0,1954.0,-0.08816112577915192,0.019173407927155495,0.9978604316711426,81909
176.0,42.0,1944.0,-0.0885518491268158,0.018439628183841705,0.997305154800415,81918
179.0,39.0,1951.0,-0.0891643613576889,0.01936616376042366,0.9959592223167419,81929
181.0,38.0,1953.0,-0.09016479551792145,0.020439207553863525,0.9963062405586243,81940
176.0,41.0,1953.0,-0.09107151627540588,0.020426874980330467,0.9968950152397156,81948
158.0,104.0,1945.0,-0.09071972966194153,0.02122553437948227,0.9964823126792908,81959
142.0,253.0,1945.0,-0.08402825891971588,0.04121948778629303,0.9956064224243164,81968
44.0,138.0,1944.0,-0.07592029124498367,0.08453083038330078,0.997326135635376,81979
18.0,43.0,1978.0,-0.03613951429724693,0.07254961133003235,1.00308096408844,81989
169.0,204.0,1990.0,-0.0179448239505291,0.052206747233867645,1.0055053234100342,81998
116.0,-16.0,1926.0,-0.044181253761053085,0.07031063735485077,1.01325523853302,82009
344.0,-211.0,2200.0,-0.06243080645799637,0.032069213688373566,1.013922929763794,82018
411.0,-10.0,1940.0,-0.11050470173358917,-0.042547211050987244,1.0172724723815918,82029
309.0,23.0,2002.0,-0.16170352697372437,-0.04152912646532059,1.0118063688278198,82039
298.0,71.0,1977.0,-0.17417781054973602,-0.011359971016645432,1.0142004489898682,82048
180.0,-21.0,2038.0,-0.15992891788482666,0.018691452220082283,1.0206495523452759,82059
108.0,-128.0,1973.0,-0.1150144636631012,0.0038130793254822493,1.0215895175933838,82070
113.0,-202.0,2092.0,-0.07790354639291763,-0.033712971955537796,1.0212630033493042,82078
160.0,-243.0,2241.0,-0.06156400218605995,-0.08325760811567307,1.0542494058609009,82089
87.0,-327.0,2308.0,-0.06609086692333221,-0.11482556164264679,1.1045629978179932,82098
20.0,-284.0,2376.0,-0.058208007365465164,-0.14361411333084106,1.1645915508270264,82109
-66.0,-280.0,2312.0,-0.024946296587586403,-0.14922302961349487,1.2018828392028809,82119
-43.0,-231.0,2170.0,0.005212295334786177,-0.14361822605133057,1.1967194080352783,82128
-62.0,-363.0,1960.0,0.022909019142389297,-0.13376039266586304,1.1380763053894043,82139
-32.0,-424.0,1744.0,0.029787935316562653,-0.15209034085273743,1.054733395576477,82148
84.0,-417.0,1528.0,0.012317141517996788,-0.18319015204906464,0.9399715662002563,82159
33.0,-443.0,1476.0,-0.012408779934048653,-0.2051701545715332,0.8453474044799805,82168
-32.0,-394.0,1418.0,-0.019255714491009712,-0.21968667209148407,0.7650982141494751,82179
-74.0,-372.0,1380.0,-0.004036650527268648,-0.21452687680721283,0.727895200252533,82188
-106.0,-342.0,1383.0,0.02520306408405304,-0.19715054333209991,0.7051963806152344,82199
-77.0,-367.0,1475.0,0.0445670560002327,-0.1827629655599594,0.7071895599365234,82209
-68.0,-397.0,1592.0,0.046639662235975266,-0.18282362818717957,0.733027994632721,82218
-66.0,-418.0,1681.0,0.038400933146476746,-0.1936720907688141,0.7852414846420288,82229
-129.0,-463.0,1736.0,0.033338189125061035,-0.20875586569309235,0.8387601971626282,82239
-73.0,-436.0,1833.0,0.04638645797967911,-0.2264719009399414,0.8723893165588379,82248
-152.0,-564.0,1892.0,0.06472282856702805,-0.23822574317455292,0.9184514284133911,82259
-99.0,-614.0,1966.0,0.06990647315979004,-0.2578291594982147,0.9588403105735779,82268
145.0,-658.0,1915.0,0.05140560865402222,-0.2987446188926697,0.9877508878707886,82279
104.0,-686.0,1956.0,-0.0035447636619210243,-0.33083876967430115,0.9951381683349609,82289
286.0,-696.0,1936.0,-0.038357384502887726,-0.3591398000717163,0.9950409531593323,82298
166.0,-738.0,1985.0,-0.08383102715015411,-0.36619073152542114,1.0016828775405884,82309
167.0,-815.0,3497.0,-0.1022079810500145,-0.3611702620983124,1.0281304121017456,82320
199.0,-572.0,2071.0,-0.1102685034275055,-0.3483768105506897,1.1655956506729126,82329
155.0,-481.0,2101.0,-0.10035058856010437,-0.30927491188049316,1.1492798328399658,82339
78.0,-421.0,2196.0,-0.08374667167663574,-0.26948243379592896,1.1070468425750732,82348
-18.0,-457.0,2219.0,-0.04998913034796715,-0.23091651499271393,1.1005918979644775,82359
11.0,-463.0,2373.0,-0.015906427055597305,-0.2237754464149475,1.1262924671173096,82369
-37.0,-503.0,2464.0,-0.0017427620477974415,-0.23207545280456543,1.1742712259292603,82378
-107.0,-522.0,2314.0,0.026685073971748352,-0.260236531496048,1.2185033559799194,82389
-213.0,-540.0,2067.0,0.05292150378227234,-0.2750321924686432,1.2028595209121704,82398
-113.0,-474.0,1959.0,0.07757619768381119,-0.2717593312263489,1.1218008995056152,82409
1.0,-506.0,1697.0,0.069883793592453,-0.2572491466999054,1.0326974391937256,82418
75.0,-492.0,1540.0,0.026712728664278984,-0.25384920835494995,0.9134655594825745,82429
56.0,-536.0,1416.0,-0.007605675607919693,-0.25948676466941833,0.8241301774978638,82438
-1.0,-479.0,1440.0,-0.024352259933948517,-0.2656799554824829,0.7525385618209839,82449
31.0,-438.0,1381.0,-0.01824433170258999,-0.2547571063041687,0.7215975522994995,82459
-31.0,-407.0,1407.0,-0.010430517606437206,-0.23714569211006165,0.7112669348716736,82468
34.0,-350.0,1271.0,-0.0007125766715034842,-0.21468926966190338,0.7013566493988037,82479
-47.0,-358.0,1154.0,-0.0037602903321385384,-0.19100867211818695,0.6662937998771667,82490
-187.0,-399.0,1159.0,0.012552576139569283,-0.18280532956123352,0.6250293850898743,82498
-197.0,-513.0,1427.0,0.06091536208987236,-0.19915428757667542,0.6082468032836914,82509
-267.0,-645.0,1793.0,0.0874333381652832,-0.22847279906272888,0.6762900352478027,82518
-237.0,-678.0,2289.0,0.09915957599878311,-0.2757996916770935,0.8619844913482666,82529
-159.0,-609.0,2422.0,0.1009315550327301,-0.3109574317932129,1.0838181972503662,82540
-185.0,-696.0,2248.0,0.09433084726333618,-0.32232141494750977,1.1966131925582886,82548
-128.0,-737.0,2152.0,0.08162938058376312,-0.3397093415260315,1.1984368562698364,82559
30.0,-694.0,2064.0,0.05530466139316559,-0.3578713536262512,1.142630934715271,82568
-18.0,-818.0,2078.0,0.01648278534412384,-0.3804686963558197,1.080296277999878,82579
76.0,-817.0,2214.0,-0.004222977440804243,-0.40966352820396423,1.0596575736999512,82589
-99.0,-783.0,2527.0,-0.014662688598036766,-0.41938796639442444,1.103522777557373,82598
-208.0,-729.0,2618.0,0.023769622668623924,-0.4036613404750824,1.2244865894317627,82609
-78.0,-725.0,2589.0,0.07015960663557053,-0.3923459053039551,1.3075051307678223,82620
-87.0,-747.0,2364.0,0.07621537894010544,-0.3912404477596283,1.3214167356491089,82628
-75.0,-688.0,2101.0,0.06445685029029846,-0.38285884261131287,1.2729642391204834,82638
29.0,-639.0,1676.0,0.037935879081487656,-0.3656923472881317,1.1204419136047363,82649
28.0,-609.0,1433.0,0.012055626139044762,-0.34758538007736206,0.9573744535446167,82658
36.0,-606.0,1269.0,-0.010004202835261822,-0.32586589455604553,0.7777692079544067,82669
-65.0,-568.0,1419.0,-0.014908486977219582,-0.3113012909889221,0.6881657838821411,82678
-61.0,-568.0,1448.0,0.01052960753440857,-0.29705676436424255,0.6806960105895996,82689
-112.0,-535.0,1684.0,0.029387768357992172,-0.28930896520614624,0.7198647260665894,82698
-149.0,-569.0,1718.0,0.049804288893938065,-0.28120774030685425,0.8041632175445557,82709
-229.0,-527.0,1789.0,0.07353135198354721,-0.2793543338775635,0.8711597323417664,82719
-205.0,-507.0,1685.0,0.09643770009279251,-0.2744627594947815,0.8998463153839111,82728
-228.0,-497.0,1567.0,0.10939659923315048,-0.2633327543735504,0.8829169273376465,82739
-179.0,-536.0,1311.0,0.11348050832748413,-0.25864553451538086,0.8159325122833252,82750
-110.0,-568.0,1200.0,0.1021963506937027,-0.26561328768730164,0.732218325138092,82758
-68.0,-590.0,1141.0,0.07199780642986298,-0.28218400478363037,0.6414629220962524,82769
-91.0,-603.0,1180.0,0.04907381907105446,-0.2955508530139923,0.5965553522109985,82778
-54.0,-686.0,1246.0,0.04555651172995567,-0.3089456260204315,0.5918076634407043,82789
-38.0,-803.0,1886.0,0.04187019169330597,-0.34379351139068604,0.6609334945678711,82799
-73.0,-808.0,2276.0,0.031324923038482666,-0.3752114772796631,0.8302292227745056,82808
-100.0,-677.0,2318.0,0.03339451178908348,-0.3893750309944153,1.052864909172058,82819
-95.0,-731.0,2170.0,0.055615175515413284,-0.39472514390945435,1.1487528085708618,82828
-158.0,-932.0,2095.0,0.07673665136098862,-0.4125831127166748,1.1551402807235718,82839
91.0,-875.0,2582.0,0.07908084243535995,-0.46414002776145935,1.2239418029785156,82849
-83.0,-837.0,1756.0,0.04181768000125885,-0.4779462218284607,1.2605661153793335,82858
-23.0,-821.0,2314.0,0.021515028551220894,-0.45306396484375,1.1028144359588623,82869
-112.0,-723.0,1943.0,0.016795065253973007,-0.4242885410785675,1.0597354173660278,82878
-193.0,-648.0,2232.0,0.03947573900222778,-0.37601014971733093,1.031970739364624,82889
-31.0,-719.0,2489.0,0.06454131007194519,-0.3452145457267761,1.0985043048858643,82899
0.0,-761.0,2482.0,0.04879152029752731,-0.3513999879360199,1.1912449598312378,82908
10.0,-774.0,2239.0,0.01783153973519802,-0.3734481930732727,1.2450919151306152,82919
-10.0,-539.0,1980.0,-0.002659994876012206,-0.3715971112251282,1.185789704322815,82930
-81.0,-519.0,1670.0,0.0015958313597366214,-0.3330249786376953,1.0831339359283447,82938
-142.0,-466.0,1556.0,0.022288735955953598,-0.2781965732574463,0.9285364151000977,82949
-193.0,-464.0,1476.0,0.05083288997411728,-0.2454001009464264,0.8267666101455688,82958
-141.0,-504.0,1468.0,0.0796031728386879,-0.2334783524274826,0.7583716511726379,82969
-216.0,-512.0,1494.0,0.08741743862628937,-0.24210423231124878,0.7389868497848511,82979
-249.0,-553.0,1564.0,0.10219669342041016,-0.25614625215530396,0.7499817609786987,82988
-246.0,-589.0,1667.0,0.12036213278770447,-0.2760393023490906,0.7865146398544312,82999
-193.0,-605.0,1745.0,0.12545959651470184,-0.2923978269100189,0.826836347579956,83008
-100.0,-658.0,1769.0,0.10944849997758865,-0.30945348739624023,0.8740316033363342,83019
-1.0,-700.0,1730.0,0.06947730481624603,-0.3292866349220276,0.8984334468841553,83029
20.0,-742.0,1632.0,0.02924342080950737,-0.3474806547164917,0.8934691548347473,83039
4.0,-703.0,1545.0,-0.0016956804320216179,-0.3656911849975586,0.8618181943893433,83048
-41.0,-698.0,1405.0,-0.010659325867891312,-0.37271568179130554,0.8035586476325989,83059
-48.0,-566.0,1460.0,-0.004316193982958794,-0.3595309257507324,0.7440037727355957,83069
-65.0,-651.0,1396.0,0.013309769332408905,-0.3332408666610718,0.7229028940200806,83078
-79.0,-609.0,1555.0,0.02924957498908043,-0.3097875416278839,0.7333800792694092,83089
-113.0,-645.0,1746.0,0.03637152910232544,-0.29678839445114136,0.7786300778388977,83098
-213.0,-794.0,1876.0,0.05236334353685379,-0.30821940302848816,0.8599758744239807,83109
-188.0,-880.0,3419.0,0.06988679617643356,-0.34442636370658875,0.9589257836341858,83119
47.0,-520.0,2314.0,0.08241522312164307,-0.39430758357048035,1.2874716520309448,83128
-96.0,-740.0,2319.0,0.07563511282205582,-0.396770715713501,1.3097866773605347,83139
-88.0,-714.0,1825.0,0.07173590362071991,-0.39444389939308167,1.1484625339508057,83149
17.0,-778.0,2138.0,0.056527797132730484,-0.38840988278388977,1.0327646732330322,83158
-109.0,-691.0,2093.0,0.027982672676444054,-0.38091742992401123,1.000152587890625,83169
-23.0,-739.0,2393.0,0.03060052916407585,-0.37180638313293457,1.034273386001587,83178
-35.0,-831.0,2372.0,0.018930016085505486,-0.3729190528392792,1.1469604969024658,83189
39.0,-785.0,2235.0,-0.003326377598568797,-0.38052472472190857,1.207431674003601,83199
74.0,-598.0,2116.0,-0.023518884554505348,-0.37281233072280884,1.186608076095581,83208
-22.0,-627.0,1762.0,-0.026148663833737373,-0.34207701683044434,1.1002717018127441,83219
-9.0,-567.0,1575.0,-0.013065056875348091,-0.3179711699485779,0.9660071134567261,83229
-8.0,-510.0,1495.0,-0.002788524143397808,-0.3006475567817688,0.8591837286949158,83238
-118.0,-499.0,1520.0,0.011755590327084064,-0.2758689224720001,0.7819178700447083,83249
-209.0,-489.0,1525.0,0.03790627419948578,-0.25669434666633606,0.7626653909683228,83258
-270.0,-524.0,1576.0,0.08407198637723923,-0.2490874081850052,0.769105076789856,83269
-163.0,-541.0,1672.0,0.118988536298275,-0.25930848717689514,0.7951751947402954,83279
-88.0,-593.0,1731.0,0.10948081314563751,-0.27154672145843506,0.8293496966362,83288
-17.0,-621.0,1695.0,0.06937143951654434,-0.2942972779273987,0.8671633005142212,83299
75.0,-605.0,1523.0,0.020284652709960938,-0.3125894069671631,0.8653692007064819,83310
78.0,-579.0,1307.0,-0.016991231590509415,-0.31519192457199097,0.8175570964813232,83318
11.0,-532.0,1205.0,-0.04233817011117935,-0.3019142150878906,0.7202120423316956,83329
-41.0,-476.0,1201.0,-0.032015830278396606,-0.2795836925506592,0.6496956944465637,83338
-138.0,-552.0,1487.0,-0.001015875255689025,-0.2553994059562683,0.6346797943115234,83349
-236.0,-494.0,1811.0,0.03969276696443558,-0.24811755120754242,0.7210186123847961,83359
-367.0,-652.0,2004.0,0.08362790942192078,-0.25873011350631714,0.8402386903762817,83368
-107.0,-516.0,2516.0,0.11496195197105408,-0.311244398355484,1.3201087713241577,83379
-289.0,-809.0,2284.0,0.10817831009626389,-0.31549957394599915,1.4214445352554321,83388
-99.0,-404.0,1698.0,0.10381150990724564,-0.32516399025917053,1.2284736633300781,83399
83.0,-807.0,2254.0,0.09250275790691376,-0.31906163692474365,1.0572547912597656,83409
239.0,-511.0,2014.0,0.03256989270448685,-0.32041704654693604,1.0206271409988403,83418
82.0,-384.0,1992.0,-0.05665915459394455,-0.28006717562675476,1.0174405574798584,83429
35.0,-331.0,1971.0,-0.06762100756168365,-0.23165324330329895,1.0148887634277344,83438
92.0,-350.0,1934.0,-0.04675194248557091,-0.18732710182666779,1.003936529159546,83449
152.0,-344.0,1955.0,-0.045825421810150146,-0.17147234082221985,0.9945874214172363,83459
166.0,-338.0,1922.0,-0.0598275288939476,-0.17151594161987305,0.9933737516403198,83468
102.0,-309.0,1895.0,-0.07561472803354263,-0.17428907752037048,0.9922335743904114,83479
43.0,-322.0,1904.0,-0.06745576858520508,-0.1705285906791687,0.9845141768455505,83488
-40.0,-324.0,1919.0,-0.03586471080780029,-0.16464269161224365,0.9699652791023254,83498
-35.0,-242.0,1922.0,0.0011463176924735308,-0.16052472591400146,0.9641456604003906,83509
-27.0,-267.0,1897.0,0.017470208927989006,-0.1465711146593094,0.9686238765716553,83518
-46.0,-398.0,1890.0,0.022716576233506203,-0.14642928540706635,0.9725778102874756,83529
-31.0,-439.0,1798.0,0.020008597522974014,-0.1750965714454651,0.9661802649497986,83539
55.0,-386.0,1788.0,0.014506621286273003,-0.20190593600273132,0.9452054500579834,83548
126.0,-184.0,1917.0,-0.018135419115424156,-0.19304132461547852,0.9248251914978027,83559
176.0,-98.0,2222.0,-0.050402674823999405,-0.14828410744667053,0.9715889096260071,83568
165.0,-27.0,2061.0,-0.08211619406938553,-0.07608555257320404,1.0606458187103271,83579
79.0,-73.0,1958.0,-0.08567290753126144,-0.02793887071311474,1.0721346139907837,83589
106.0,-94.0,1895.0,-0.06842869520187378,-0.02350950986146927,1.0392566919326782,83598
74.0,-88.0,1962.0,-0.05467626079916954,-0.036810874938964844,0.9977663159370422,83609
84.0,16.0,1924.0,-0.04289187490940094,-0.04081688076257706,0.9863814115524292,83619
106.0,6.0,1964.0,-0.04147706925868988,-0.020507710054516792,0.983918309211731,83628
141.0,-34.0,2005.0,-0.0480705201625824,-0.006138352211564779,0.9939225912094116,83638
108.0,-28.0,1985.0,-0.05985759198665619,-0.007978547364473343,1.011967658996582,83649
92.0,51.0,1930.0,-0.06024066358804703,-0.005394709762185812,1.014800786972046,83659
87.0,35.0,1962.0,-0.05387573316693306,0.00907997414469719,1.0054776668548584,83668
129.0,-22.0,1964.0,-0.050235603004693985,0.012956943362951279,1.0001308917999268,83679
128.0,6.0,1960.0,-0.05781320855021477,0.0032922665122896433,1.0007612705230713,83690
129.0,-18.0,1958.0,-0.0636264905333519,-0.000877184618730098,1.0015995502471924,83698
115.0,-17.0,1944.0,-0.06534907966852188,-0.005994712933897972,0.999853253364563,83709
133.0,-37.0,1954.0,-0.0637306421995163,-0.009569977410137653,0.9972087740898132,83718
119.0,-14.0,1953.0,-0.06415056437253952,-0.013466320000588894,0.996613085269928,83729
131.0,-20.0,1957.0,-0.06319015473127365,-0.011655669659376144,0.9974024295806885,83739
133.0,-18.0,1966.0,-0.06464112550020218,-0.010313663631677628,0.9991644024848938,83748
130.0,-22.0,1955.0,-0.06689323484897614,-0.009770306758582592,1.0014022588729858,83759
137.0,-33.0,1956.0,-0.0674554780125618,-0.011087320744991302,1.0008509159088135,83768
137.0,-34.0,1944.0,-0.06832572817802429,-0.014916393905878067,0.997394859790802,83779
134.0,2.0,1946.0,-0.06949779391288757,-0.014133645221590996,0.9939068555831909,83789
150.0,-9.0,1955.0,-0.06976094096899033,-0.008723143488168716,0.9937594532966614,83798
143.0,4.0,1962.0,-0.07229113578796387,-0.004040896892547607,0.997381865978241,83809
117.0,17.0,1951.0,-0.07208503037691116,0.0017976618837565184,0.9995108842849731,83819
129.0,13.0,1957.0,-0.06717842817306519,0.005350839346647263,0.9994101524353027,83828
136.0,10.0,1953.0,-0.06573383510112762,0.007316871080547571,0.9989227056503296,83839
133.0,-2.0,1961.0,-0.0670824646949768,0.006768376566469669,0.9989959001541138,83848
136.0,19.0,1954.0,-0.06814154982566833,0.004517010413110256,0.9999265670776367,83859
138.0,7.0,1949.0,-0.06905272603034973,0.00523419352248311,0.9993937015533447,83868
139.0,4.0,1948.0,-0.07020504027605057,0.004812249913811684,0.9976257085800171,83878
143.0,1.0,1953.0,-0.0714326798915863,0.0031534067820757627,0.9963421821594238,83889
145.0,-8.0,1959.0,-0.07254087179899216,0.0009799085091799498,0.9969279170036316,83899
153.0,-7.0,1949.0,-0.07375520467758179,-0.0019659693352878094,0.9984309673309326,83908
139.0,-4.0,1955.0,-0.07419827580451965,-0.002224365249276161,0.9967740178108215,83919
155.0,-15.0,1949.0,-0.07386267930269241,-0.002233448438346386,0.996304988861084,83928
167.0,12.0,1931.0,-0.07750624418258667,-0.003671763464808464,0.9963660836219788,83939
115.0,33.0,1939.0,-0.08029539883136749,-0.0005426208372227848,0.9938891530036926,83949
125.0,25.0,1948.0,-0.07209901511669159,0.006097643636167049,0.9929176568984985,83958
160.0,34.0,1975.0,-0.06879627704620361,0.014009000733494759,0.9955148696899414,83969
125.0,21.0,1963.0,-0.07365946471691132,0.0174318365752697,1.001671314239502,83980
140.0,61.0,1948.0,-0.0716024860739708,0.01731928251683712,1.0033138990402222,83988
134.0,83.0,1959.0,-0.07081204652786255,0.027339626103639603,0.9988929629325867,83999
154.0,48.0,1975.0,-0.07014812529087067,0.03378617763519287,0.9991912841796875,84008
150.0,67.0,1970.0,-0.07460623979568481,0.03336460888385773,1.0037376880645752,84019
142.0,34.0,1958.0,-0.07688529044389725,0.03144948184490204,1.0050230026245117,84029
155.0,37.0,1949.0,-0.07608333230018616,0.025291554629802704,1.0025527477264404,84038
156.0,18.0,1952.0,-0.07754828035831451,0.01769331842660904,0.9989175200462341,84049
145.0,33.0,1943.0,-0.0784536823630333,0.013050448149442673,0.9967102408409119,84058
164.0,29.0,1953.0,-0.0784027948975563,0.013326315209269524,0.9949106574058533,84069
153.0,61.0,1960.0,-0.07953774929046631,0.015590032562613487,0.9964014291763306,84079
131.0,41.0,1959.0,-0.07859107851982117,0.02240687981247902,0.9994131922721863,84088
159.0,44.0,1951.0,-0.07533524185419083,0.023358749225735664,1.0008082389831543,84099
136.0,50.0,1953.0,-0.07518327981233597,0.0228741355240345,0.9996487498283386,84108
148.0,52.0,1952.0,-0.07326606661081314,0.024295268580317497,0.9984590411186218,84119
155.0,46.0,1949.0,-0.0744728296995163,0.024685200303792953,0.997040867805481,84129
144.0,46.0,1950.0,-0.0759674459695816,0.02402462065219879,0.9960358142852783,84138
154.0,39.0,1957.0,-0.07580455392599106,0.02321472391486168,0.9960017800331116,84149
152.0,41.0,1956.0,-0.0764322355389595,0.02152668498456478,0.997183084487915,84159
150.0,38.0,1956.0,-0.07658383250236511,0.020754052326083183,0.9976441860198975,84168
157.0,36.0,1956.0,-0.07695699483156204,0.019600622355937958,0.998760461807251,84179
158.0,36.0,1955.0,-0.07837862521409988,0.0187328290194273,0.9992392063140869,84188
157.0,33.0,1955.0,-0.07980404794216156,0.018323983997106552,0.9987114071846008,84199
153.0,39.0,1946.0,-0.08006621897220612,0.018259238451719284,0.9984245300292969,84209
153.0,42.0,1956.0,-0.07958130538463593,0.019053082913160324,0.9981876015663147,84218
155.0,40.0,1952.0,-0.07875081151723862,0.020403919741511345,0.9989824891090393,84229
151.0,48.0,1957.0,-0.07827271521091461,0.021286766976118088,0.9993994832038879,84240
152.0,44.0,1956.0,-0.07761082053184509,0.022184953093528748,0.9999154806137085,84248
151.0,49.0,1951.0,-0.07724866271018982,0.022833168506622314,0.9993006587028503,84259
149.0,47.0,1951.0,-0.07687248289585114,0.023929623886942863,0.998022198677063,84268
153.0,45.0,1965.0,-0.07640884816646576,0.02386396937072277,0.9972960948944092,84279
152.0,41.0,1955.0,-0.07666310667991638,0.022984778508543968,0.9994986057281494,84289
153.0,40.0,1961.0,-0.07730476558208466,0.02216367796063423,0.9999266266822815,84298
154.0,41.0,1952.0,-0.07799221575260162,0.020763972774147987,0.9996986389160156,84309
157.0,38.0,1953.0,-0.07852260023355484,0.02017415314912796,0.998900294303894,84318
161.0,39.0,1962.0,-0.07946319133043289,0.01986178755760193,0.9989470839500427,84329
159.0,40.0,1953.0,-0.0807989314198494,0.019945917651057243,0.9996699094772339,84339
160.0,42.0,1950.0,-0.0814262181520462,0.020045742392539978,0.9992822408676147,84348
157.0,40.0,1951.0,-0.08150768280029297,0.02040085755288601,0.9982923865318298,84359
155.0,43.0,1954.0,-0.08090060949325562,0.020458754152059555,0.9979633688926697,84368
155.0,46.0,1948.0,-0.07990844547748566,0.02116808295249939,0.9983576536178589,84379
157.0,41.0,1954.0,-0.07918712496757507,0.02155543863773346,0.9972268342971802,84389
153.0,43.0,1955.0,-0.07921229302883148,0.021611183881759644,0.9974125623703003,84398
152.0,48.0,1955.0,-0.07912588119506836,0.02200772613286972,0.9980331659317017,84409
151.0,44.0,1954.0,-0.07801525294780731,0.023371458053588867,0.9981979131698608,84419
152.0,42.0,1953.0,-0.07760856300592422,0.02351677417755127,0.9978382587432861,84428
152.0,44.0,1954.0,-0.07771182060241699,0.022551050409674644,0.9973676204681396,84439
157.0,37.0,1951.0,-0.0781637579202652,0.021886562928557396,0.9974122643470764,84448
153.0,38.0,1946.0,-0.0795842632651329,0.020637206733226776,0.9970145225524902,84459
158.0,33.0,1952.0,-0.07999052852392197,0.019453518092632294,0.9969419836997986,84469
154.0,33.0,1949.0,-0.08041919767856598,0.01816028356552124,0.9978222250938416,84478
157.0,40.0,1946.0,-0.08053930103778839,0.017706282436847687,0.9972025156021118,84489
160.0,42.0,1952.0,-0.08086079359054565,0.01848621666431427,0.9965451955795288,84498
154.0,38.0,1954.0,-0.08061089366674423,0.019772635772824287,0.9972860813140869,84509
159.0,43.0,1945.0,-0.07927429676055908,0.0205380879342556,0.9975651502609253,84519
158.0,44.0,1953.0,-0.07974866032600403,0.021327130496501923,0.9966161251068115,84528
156.0,42.0,1963.0,-0.08057218790054321,0.021907217800617218,0.997951090335846,84539
157.0,44.0,1955.0,-0.08027561753988266,0.022046823054552078,0.9998210668563843,84549
156.0,41.0,1949.0,-0.07996208965778351,0.02198335900902748,0.9993523955345154,84558
157.0,42.0,1960.0,-0.07971706986427307,0.021696357056498528,0.9986432790756226,84569
158.0,41.0,1953.0,-0.08009497076272964,0.021408027037978172,0.9990025758743286,84578
156.0,37.0,1947.0,-0.08077526092529297,0.020683646202087402,0.9989523887634277,84589
155.0,38.0,1956.0,-0.08034491539001465,0.019663449376821518,0.9973915219306946,84599
154.0,40.0,1949.0,-0.07956703752279282,0.019456809386610985,0.9970552325248718,84609
159.0,43.0,1950.0,-0.07944533973932266,0.019576121121644974,0.9968668222427368,84618
158.0,44.0,1958.0,-0.0801292359828949,0.019853346049785614,0.9967461228370667,84629
159.0,41.0,1953.0,-0.08063490688800812,0.020818419754505157,0.9979832172393799,84640
157.0,43.0,1959.0,-0.08091714978218079,0.021260149776935577,0.997812032699585,84648
154.0,41.0,1956.0,-0.08078174293041229,0.02110864967107773,0.9984774589538574,84659
158.0,45.0,1951.0,-0.08015348017215729,0.020931649953126907,0.9985591173171997,84668
158.0,44.0,1950.0,-0.07993888854980469,0.022030837833881378,0.9973145723342896,84679
156.0,45.0,1948.0,-0.0805039182305336,0.02249496802687645,0.9964131712913513,84689
159.0,42.0,1950.0,-0.08069216459989548,0.02298976480960846,0.9956638813018799,84699
157.0,42.0,1948.0,-0.08064216375350952,0.022602101787924767,0.9958919286727905,84709
156.0,41.0,1948.0,-0.08061873912811279,0.021930549293756485,0.9959602355957031,84718
159.0,37.0,1946.0,-0.0805145800113678,0.020769592374563217,0.9957945942878723,84729
162.0,40.0,1947.0,-0.08102928847074509,0.019943196326494217,0.9955313801765442,84739
160.0,39.0,1949.0,-0.08185688406229019,0.020152850076556206,0.9954952001571655,84748
160.0,39.0,1946.0,-0.08231937140226364,0.020052045583724976,0.9956114888191223,84759
156.0,39.0,1949.0,-0.08223196864128113,0.01986806094646454,0.9953123927116394,84768
161.0,36.0,1945.0,-0.08150303363800049,0.019713396206498146,0.9952315092086792,84779
157.0,38.0,1959.0,-0.08121852576732635,0.019393663853406906,0.9954063892364502,84789
156.0,41.0,1952.0,-0.08063602447509766,0.01960744708776474,0.9968423843383789,84798
157.0,44.0,1956.0,-0.08020848780870438,0.020516864955425262,0.9975807666778564,84809
154.0,43.0,1954.0,-0.08014226704835892,0.02137833461165428,0.9978656768798828,84818
152.0,46.0,1952.0,-0.07964644581079483,0.02214488759636879,0.9978221654891968,84829
159.0,43.0,1960.0,-0.07930366694927216,0.022287853062152863,0.997484028339386,84839
160.0,44.0,1955.0,-0.08010288327932358,0.02212044782936573,0.9987407922744751,84848
158.0,37.0,1954.0,-0.08064025640487671,0.02181798778474331,0.9992889165878296,84859
157.0,42.0,1959.0,-0.08080505579710007,0.02098720706999302,0.999207615852356,84868
161.0,38.0,1943.0,-0.08103549480438232,0.020803311839699745,0.9988977313041687,84879
159.0,39.0,1949.0,-0.08122659474611282,0.020702891051769257,0.996910572052002,84889
161.0,40.0,1959.0,-0.08109584450721741,0.020327117294073105,0.9965875744819641,84898
160.0,41.0,1953.0,-0.08186309039592743,0.020274823531508446,0.9977948069572449,84909
160.0,42.0,1959.0,-0.08208116888999939,0.02070377580821514,0.9983812570571899,84920
160.0,36.0,1949.0,-0.08176172524690628,0.02078915573656559,0.9990626573562622,84928
161.0,41.0,1944.0,-0.08165645599365234,0.020361782982945442,0.9980968832969666,84939
159.0,41.0,1948.0,-0.08148141950368881,0.02069849893450737,0.9957311153411865,84948
154.0,40.0,1952.0,-0.08095454424619675,0.020586911588907242,0.9946720600128174,84959
159.0,44.0,1952.0,-0.08015024662017822,0.020975399762392044,0.9963204860687256,84969
159.0,42.0,1956.0,-0.079868383705616,0.021942541003227234,0.9975553750991821,84978
159.0,42.0,1953.0,-0.08006084710359573,0.022212669253349304,0.9981800317764282,84989
156.0,39.0,1946.0,-0.08041854202747345,0.02189648151397705,0.9982415437698364,84998
159.0,38.0,1955.0,-0.08070845901966095,0.020867474377155304,0.997022807598114,85009
162.0,36.0,1950.0,-0.08117757737636566,0.019991125911474228,0.9963610768318176,85019
167.0,41.0,1950.0,-0.08203553408384323,0.019485849887132645,0.9960845708847046,85028
163.0,36.0,1957.0,-0.08344654738903046,0.019584747031331062,0.9970975518226624,85039
157.0,40.0,1957.0,-0.08310497552156448,0.019361164420843124,0.9984391927719116,85049
162.0,43.0,1950.0,-0.08171647042036057,0.020002271980047226,0.9989258050918579,85058
164.0,43.0,1947.0,-0.08159027993679047,0.021284641698002815,0.9972272515296936,85069
159.0,42.0,1953.0,-0.082041434943676,0.022014133632183075,0.9961958527565002,85078
161.0,35.0,1955.0,-0.08198720961809158,0.02142615057528019,0.9975045323371887,85089
163.0,41.0,1954.0,-0.08183339238166809,0.020046157762408257,0.998070240020752,85100
160.0,42.0,1948.0,-0.0819677785038948,0.020133350044488907,0.9975416660308838,85108
162.0,46.0,1959.0,-0.0817124992609024,0.020829832181334496,0.9962594509124756,85119
160.0,37.0,1951.0,-0.08168680965900421,0.02170197293162346,0.9971559047698975,85128
164.0,41.0,1958.0,-0.08150684088468552,0.02111261524260044,0.9980649352073669,85139
161.0,41.0,1953.0,-0.08207616209983826,0.021049056202173233,0.9990072250366211,85148
161.0,36.0,1953.0,-0.08234313130378723,0.020945975556969643,0.9985729455947876,85159
162.0,39.0,1947.0,-0.0822795033454895,0.020312003791332245,0.9979177713394165,85168
163.0,37.0,1952.0,-0.08241334557533264,0.020127836614847183,0.9966883659362793,85179
162.0,41.0,1953.0,-0.08267669379711151,0.019599201157689095,0.9976035356521606,85189
164.0,41.0,1951.0,-0.08287911117076874,0.01980675384402275,0.9977940320968628,85198
160.0,45.0,1953.0,-0.08294664323329926,0.020606055855751038,0.9973632097244263,85209
158.0,43.0,1949.0,-0.08210134506225586,0.02122982032597065,0.996931254863739,85218
159.0,45.0,1950.0,-0.08137890696525574,0.0218893401324749,0.9961200952529907,85229
166.0,42.0,1951.0,-0.08174771070480347,0.02236499823629856,0.9957127571105957,85239
160.0,46.0,1953.0,-0.0826461985707283,0.022179514169692993,0.9961485862731934,85248
162.0,43.0,1952.0,-0.08268903195858002,0.022678222507238388,0.9971609115600586,85259
160.0,43.0,1958.0,-0.08256853371858597,0.02290493994951248,0.9977701902389526,85270
161.0,42.0,1953.0,-0.08226167410612106,0.022525809705257416,0.9982773065567017,85278
160.0,40.0,1954.0,-0.08260971307754517,0.021789774298667908,0.9976965188980103,85289
163.0,44.0,1957.0,-0.08269403874874115,0.02148008532822132,0.997782826423645,85298
158.0,39.0,1952.0,-0.08288406580686569,0.021612659096717834,0.9980482459068298,85309
161.0,36.0,1952.0,-0.08253657072782516,0.020675407722592354,0.9967283010482788,85320
163.0,39.0,1950.0,-0.08259110897779465,0.019582657143473625,0.9963825345039368,85328
164.0,41.0,1959.0,-0.08263994753360748,0.019010376185178757,0.9964580535888672,85339
164.0,39.0,1958.0,-0.08278308808803558,0.019377093762159348,0.9981860518455505,85348
160.0,40.0,1957.0,-0.08267039805650711,0.019559912383556366,0.9991987347602844,85359
162.0,42.0,1957.0,-0.08267167210578918,0.019976751878857613,0.9991973638534546,85369
165.0,43.0,1948.0,-0.08268526196479797,0.020553449168801308,0.9987212419509888,85378
163.0,46.0,1956.0,-0.08271925151348114,0.021556515246629715,0.9977988004684448,85389
161.0,46.0,1953.0,-0.08301611989736557,0.02262878231704235,0.9982390403747559,85398
164.0,41.0,1953.0,-0.08310246467590332,0.02309417352080345,0.9977248311042786,85409
160.0,41.0,1955.0,-0.08364149183034897,0.022169148549437523,0.9976063370704651,85419
163.0,41.0,1948.0,-0.08357411623001099,0.02147846296429634,0.9977622628211975,85428
161.0,38.0,1957.0,-0.0833609476685524,0.020406046882271767,0.9963681697845459,85439
167.0,41.0,1952.0,-0.08297703415155411,0.019935430958867073,0.9973026514053345,85450
163.0,40.0,1950.0,-0.08353640139102936,0.020422648638486862,0.9977816343307495,85458
